-- phpMyAdmin SQL Dump
-- version 4.7.7
-- https://www.phpmyadmin.net/
--
-- Хост: 127.0.0.1:3306
-- Время создания: Фев 11 2019 г., 17:04
-- Версия сервера: 5.6.38
-- Версия PHP: 5.5.38

SET SQL_MODE = "NO_AUTO_VALUE_ON_ZERO";
SET AUTOCOMMIT = 0;
START TRANSACTION;
SET time_zone = "+00:00";


/*!40101 SET @OLD_CHARACTER_SET_CLIENT=@@CHARACTER_SET_CLIENT */;
/*!40101 SET @OLD_CHARACTER_SET_RESULTS=@@CHARACTER_SET_RESULTS */;
/*!40101 SET @OLD_COLLATION_CONNECTION=@@COLLATION_CONNECTION */;
/*!40101 SET NAMES utf8mb4 */;

--
-- База данных: `phpshop`
--

-- --------------------------------------------------------

--
-- Структура таблицы `category`
--

CREATE TABLE `category` (
  `id` int(11) NOT NULL,
  `name` varchar(255) NOT NULL,
  `sort_order` int(11) NOT NULL DEFAULT '0',
  `status` int(11) NOT NULL DEFAULT '1'
) ENGINE=InnoDB DEFAULT CHARSET=utf8;

--
-- Дамп данных таблицы `category`
--

INSERT INTO `category` (`id`, `name`, `sort_order`, `status`) VALUES
(13, 'Сотовые телефоны', 1, 1),
(14, 'Ноутбуки', 2, 1),
(15, 'Мониторы', 3, 1),
(16, 'Телевизоры', 4, 1);

-- --------------------------------------------------------

--
-- Структура таблицы `product`
--

CREATE TABLE `product` (
  `id` int(11) NOT NULL,
  `name` varchar(255) NOT NULL,
  `category_id` int(11) NOT NULL,
  `code` int(11) NOT NULL,
  `price` float NOT NULL,
  `availability` int(11) NOT NULL,
  `brand` varchar(255) NOT NULL,
  `description` text NOT NULL,
  `is_new` int(11) NOT NULL DEFAULT '0',
  `is_recommended` int(11) NOT NULL DEFAULT '0',
  `status` int(11) NOT NULL DEFAULT '1'
) ENGINE=InnoDB DEFAULT CHARSET=utf8;

--
-- Дамп данных таблицы `product`
--

INSERT INTO `product` (`id`, `name`, `category_id`, `code`, `price`, `availability`, `brand`, `description`, `is_new`, `is_recommended`, `status`) VALUES
(1, 'Сотовый телефон Nokia 105 Черный (РСТ)', 13, 1839707, 20, 1, 'Nokia', '(1366x768) HD LED, глянцевый / Intel Pentium N3530 (2.16 - 2.58 ГГц) / RAM 4 ГБ / HDD 750 ГБ / Intel HD Graphics / без ОД / Bluetooth 4.0 / Wi-Fi / LAN / веб-камера / без ОС / 1.24 кг / синий', 0, 0, 1),
(2, 'Сотовый телефон Nokia 130 DS Черный (РСТ)', 13, 2343847, 40, 0, 'Nokia', '(1366x768) HD LED, матовый / Intel Celeron N2840 (2.16 ГГц) / RAM 2 ГБ / eMMC 32 ГБ / Intel HD Graphics / без ОД / Wi-Fi / Bluetooth / веб-камера / Windows 8.1 + MS Office 365 / 1.28 кг / синий', 1, 0, 1),
(3, 'Сотовый телефон Vertex S103 синий (РСТ)', 13, 2028027, 27, 1, 'Vertex', 'глянцевый / Intel Celeron N2840 (2.16 ГГц) / RAM 2 ГБ / HDD 500 ГБ / Intel HD Graphics / без ОД / Bluetooth 4.0 / Wi-Fi / LAN / веб-камера / без ОС / 1.24 кг / белый', 0, 1, 1),
(4, 'Сотовый телефон BQ Luxembourge BQM-1816 Белый/Зеленый', 13, 2019487, 325, 1, 'BQ', 'HD LED, матовый / Intel Celeron N2840 (2.16 ГГц) / RAM 2 ГБ / HDD 500 ГБ / Intel HD Graphics / без ОД / LAN / Wi-Fi / Bluetooth / веб-камера / Linpus / 1.29 кг / серебристый', 0, 1, 1),
(5, 'Ноутбук Xiaomi Air 2017 золотистый', 14, 1129365, 780, 1, 'Xiaomi', 'Создан для того, чтобы сделать вашу жизнь лучше. Наслаждайтесь своим контентом с покрытием 94% цветов Adobe RGB и 100000:1 уровнем контрастности, который обеспечивается sAmoled экраном с функцией оптимизации под отображаемое изображение и окружение. Яркий 10.5” экран в ультратонком корпусе весом 467 г порадует вас высоким уровнем портативности. Работа станет проще вместе с Hancom Office и удаленным доступом к вашему ПК. E-Meeting и WebEx – отличные помощники для проведения встреч, когда вы находитесь вне офиса. Надежно храните ваши данные благодаря сканеру отпечатка пальцев.', 1, 1, 1),
(6, 'Ноутбук Acer TravelMate TMP259-MG-36VC', 14, 1128670, 640, 1, 'Acer', 'Экран 8.4\" Super AMOLED (2560x1600) емкостный Multi-Touch / Samsung Exynos 5420 (1.9 ГГц + 1.3 ГГц) / RAM 3 ГБ / 16 ГБ встроенной памяти + поддержка карт памяти microSD / Bluetooth 4.0 / Wi-Fi 802.11 a/b/g/n/ac / основная камера 8 Мп, фронтальная 2.1 Мп / GPS / ГЛОНАСС / Android 4.4.2 (KitKat) / 294 г / белый', 0, 0, 1),
(7, 'Ноутбук Asus X541UV-XO1264T черный', 14, 6833645, 210, 1, 'Asus', 'Экран 7\" IPS (1280x800) емкостный Multi-Touch / NVIDIA Tegra 4 (1.8 ГГц) / RAM 1 ГБ / 16 ГБ встроенной памяти + поддержка карт памяти microSD / Wi-Fi / Bluetooth 4.0 / основная камера 5 Мп, фронтальная - 0.3 Мп / GPS / ГЛОНАСС / Android 4.4.2 (KitKat) / вес 320 г', 0, 0, 1),
(8, 'Монитор 18.5\" Philips 193V5LSB2 (10/62) черный', 15, 3550253, 175, 1, 'Philips', 'С расширением Full HD Вы сможете рассмотреть мельчайшие детали. Dell E2314H предоставит Вам резкое и четкое изображение, с которым любая работа будет в удовольствие. Full HD 1920 x 1080 при 60 Гц разрешение (макс.)', 0, 0, 1),
(9, 'Монитор 27\" Philips 274E5QSB (00/01) черный', 15, 4576837, 450, 1, 'Philips', 'С расширением Full HD Вы сможете рассмотреть мельчайшие детали. Dell ', 0, 0, 1),
(10, 'Телевизор 22\" Telefunken TF-LED22S6 черный', 16, 4677884, 437, 1, 'Telefunken', 'Экран 7\" IPS (1280x800) емкостный Multi-Touch / NVIDIA Tegra 4 (1.8 ГГц) / RAM 1 ГБ / 16 ГБ встроенной памяти + поддержка карт памяти microSD / Wi-Fi / Bluetooth 4.0 / основная камера 5 Мп, фронтальная - 0.3 Мп / GPS / ГЛОНАСС / Android 4.4.2 (KitKat) / вес 320 г', 1, 1, 1),
(11, 'Телевизор 32\" Harper 32R470T черный', 16, 3465787, 123, 1, 'Harper', 'Экран 7\" IPS (1280x800) емкостный Multi-Touch / NVIDIA Tegra 4 (1.8 ГГц) / RAM 1 ГБ / 16 ГБ встроенной памяти + поддержка карт памяти microSD / Wi-Fi / Bluetooth 4.0 / основная камера 5 Мп, фронтальная - 0.3 Мп / GPS / ГЛОНАСС / Android 4.4.2 (KitKat) / вес 320 г', 0, 0, 1),
(12, 'Телевизор 32\" LG 32LJ500V черный', 16, 3446572, 456, 1, 'LG', 'Экран 7\" IPS (1280x800) емкостный Multi-Touch / NVIDIA Tegra 4 (1.8 ГГц) / RAM 1 ГБ / 16 ГБ встроенной памяти + поддержка карт памяти microSD / Wi-Fi / Bluetooth 4.0 / основная камера 5 Мп, фронтальная - 0.3 Мп / GPS / ГЛОНАСС / Android 4.4.2 (KitKat) / вес 320 г', 0, 0, 1);

-- --------------------------------------------------------

--
-- Структура таблицы `product_order`
--

CREATE TABLE `product_order` (
  `id` int(11) NOT NULL,
  `user_name` varchar(255) NOT NULL,
  `user_phone` varchar(255) NOT NULL,
  `user_comment` text NOT NULL,
  `user_id` int(11) DEFAULT NULL,
  `date` timestamp NOT NULL DEFAULT CURRENT_TIMESTAMP,
  `products` text NOT NULL,
  `status` int(11) NOT NULL DEFAULT '1'
) ENGINE=MyISAM DEFAULT CHARSET=utf8;

--
-- Дамп данных таблицы `product_order`
--

INSERT INTO `product_order` (`id`, `user_name`, `user_phone`, `user_comment`, `user_id`, `date`, `products`, `status`) VALUES
(47, 'Александр', '3445667889', '.', 3, '2019-01-30 09:21:45', '{\"1\":1,\"3\":1}', 1),
(46, 'САША1', 'g3424242342', '', 4, '2015-05-18 15:34:42', '{\"44\":3,\"43\":3}', 1),
(48, 'Миша', '0987654326', '', 0, '2019-01-30 09:23:02', '{\"8\":1,\"9\":1}', 1),
(49, 'Ваня', '87654327654', '', 0, '2019-01-30 09:24:01', '{\"7\":1,\"8\":1,\"9\":1}', 1);

-- --------------------------------------------------------

--
-- Структура таблицы `user`
--

CREATE TABLE `user` (
  `id` int(11) NOT NULL,
  `name` varchar(255) NOT NULL,
  `email` varchar(255) NOT NULL,
  `password` varchar(255) NOT NULL,
  `role` varchar(50) NOT NULL
) ENGINE=InnoDB DEFAULT CHARSET=utf8;

--
-- Дамп данных таблицы `user`
--

INSERT INTO `user` (`id`, `name`, `email`, `password`, `role`) VALUES
(3, 'Александр', 'alex@mail.com', '111111', ''),
(5, 'Сергей', 'serg@mail.com', '111111', ''),
(6, 'Маша', 'mary@gmail.com', '111111', 'admin');

--
-- Индексы сохранённых таблиц
--

--
-- Индексы таблицы `category`
--
ALTER TABLE `category`
  ADD PRIMARY KEY (`id`);

--
-- Индексы таблицы `product`
--
ALTER TABLE `product`
  ADD PRIMARY KEY (`id`);

--
-- Индексы таблицы `product_order`
--
ALTER TABLE `product_order`
  ADD PRIMARY KEY (`id`);

--
-- Индексы таблицы `user`
--
ALTER TABLE `user`
  ADD PRIMARY KEY (`id`);

--
-- AUTO_INCREMENT для сохранённых таблиц
--

--
-- AUTO_INCREMENT для таблицы `category`
--
ALTER TABLE `category`
  MODIFY `id` int(11) NOT NULL AUTO_INCREMENT, AUTO_INCREMENT=17;

--
-- AUTO_INCREMENT для таблицы `product`
--
ALTER TABLE `product`
  MODIFY `id` int(11) NOT NULL AUTO_INCREMENT, AUTO_INCREMENT=13;

--
-- AUTO_INCREMENT для таблицы `product_order`
--
ALTER TABLE `product_order`
  MODIFY `id` int(11) NOT NULL AUTO_INCREMENT, AUTO_INCREMENT=50;

--
-- AUTO_INCREMENT для таблицы `user`
--
ALTER TABLE `user`
  MODIFY `id` int(11) NOT NULL AUTO_INCREMENT, AUTO_INCREMENT=7;
COMMIT;

/*!40101 SET CHARACTER_SET_CLIENT=@OLD_CHARACTER_SET_CLIENT */;
/*!40101 SET CHARACTER_SET_RESULTS=@OLD_CHARACTER_SET_RESULTS */;
/*!40101 SET COLLATION_CONNECTION=@OLD_COLLATION_CONNECTION */;
